id_material,nombre_material,tipo,unidad_medida,cantidad_disponible
1,sequi,Algodón,unidad,844
2,cupiditate,Algodón,m,801
3,nesciunt,Nylon,unidad,128
4,id,Poliéster,m,198
5,nulla,Nylon,unidad,240
6,eum,Algodón,unidad,463
7,amet,Algodón,kg,63
8,ullam,Poliéster,kg,93
9,expedita,Mezcla,kg,167
10,quam,Algodón,unidad,663
11,molestiae,Algodón,unidad,991
12,veniam,Mezcla,m,165
13,omnis,Mezcla,kg,159
14,facilis,Poliéster,m,672
15,dignissimos,Mezcla,m,378
16,perferendis,Poliéster,unidad,710
17,dolore,Algodón,m,803
18,provident,Poliéster,kg,767
19,eos,Nylon,unidad,195
20,consectetur,Nylon,kg,951
21,reprehenderit,Mezcla,kg,538
22,placeat,Poliéster,m,819
23,aut,Mezcla,m,380
24,iure,Nylon,kg,523
25,nostrum,Mezcla,kg,828
26,fugiat,Algodón,unidad,127
27,rerum,Mezcla,kg,553
28,dicta,Mezcla,kg,795
29,unde,Nylon,unidad,580
30,expedita,Nylon,unidad,545
31,corrupti,Poliéster,m,68
32,quasi,Mezcla,kg,280
33,quidem,Poliéster,m,931
34,veritatis,Mezcla,kg,801
35,consequuntur,Nylon,unidad,740
36,ipsum,Algodón,m,59
37,veniam,Algodón,unidad,435
38,est,Nylon,kg,98
39,deleniti,Nylon,kg,510
40,quam,Algodón,unidad,978
41,iste,Nylon,kg,770
42,fugiat,Poliéster,kg,771
43,atque,Nylon,kg,254
44,voluptatum,Poliéster,m,159
45,quae,Nylon,kg,165
46,alias,Poliéster,unidad,844
47,fuga,Mezcla,kg,94
48,vero,Nylon,kg,615
49,repellat,Mezcla,m,396
50,velit,Mezcla,unidad,155
51,ipsam,Algodón,unidad,712
52,delectus,Mezcla,unidad,651
53,fugit,Poliéster,kg,693
54,velit,Mezcla,unidad,684
55,commodi,Mezcla,unidad,295
56,et,Mezcla,m,327
57,autem,Mezcla,m,942
58,accusamus,Algodón,unidad,191
59,quasi,Nylon,unidad,714
60,explicabo,Algodón,m,759
61,magni,Mezcla,m,827
62,accusamus,Poliéster,kg,164
63,deserunt,Algodón,kg,722
64,corporis,Algodón,kg,84
65,provident,Algodón,unidad,598
66,ullam,Nylon,m,309
67,quod,Poliéster,kg,290
68,quae,Nylon,m,738
69,exercitationem,Nylon,kg,905
70,blanditiis,Algodón,m,565
71,quia,Algodón,unidad,225
72,unde,Algodón,m,450
73,ducimus,Mezcla,m,697
74,illo,Nylon,unidad,908
75,nam,Algodón,kg,813
76,eos,Algodón,m,458
77,quidem,Algodón,unidad,422
78,error,Poliéster,kg,638
79,rerum,Mezcla,unidad,306
80,praesentium,Nylon,kg,668
81,aperiam,Nylon,unidad,98
82,totam,Poliéster,m,426
83,nobis,Nylon,m,658
84,doloremque,Algodón,m,695
85,aperiam,Nylon,kg,923
86,distinctio,Nylon,m,647
87,commodi,Mezcla,m,803
88,magnam,Algodón,m,286
89,doloremque,Algodón,unidad,667
90,earum,Mezcla,kg,74
91,a,Nylon,kg,375
92,maiores,Nylon,unidad,134
93,dolor,Nylon,kg,506
94,dolore,Nylon,m,312
95,unde,Nylon,m,812
96,adipisci,Algodón,kg,907
97,ut,Algodón,unidad,718
98,veritatis,Algodón,m,710
99,porro,Algodón,unidad,207
100,inventore,Mezcla,unidad,222
101,voluptatibus,Poliéster,unidad,351
102,ea,Algodón,unidad,177
103,natus,Nylon,m,718
104,dolores,Poliéster,unidad,926
105,doloremque,Nylon,kg,65
106,porro,Poliéster,kg,270
107,est,Poliéster,m,360
108,dolore,Algodón,m,753
109,iste,Poliéster,unidad,903
110,porro,Nylon,kg,333
111,perspiciatis,Algodón,kg,336
112,quisquam,Poliéster,kg,554
113,repellat,Poliéster,kg,712
114,saepe,Algodón,unidad,823
115,odit,Mezcla,unidad,857
116,sunt,Algodón,unidad,795
117,expedita,Nylon,kg,383
118,assumenda,Mezcla,kg,726
119,laboriosam,Mezcla,unidad,195
120,possimus,Nylon,kg,800
121,maiores,Mezcla,kg,115
122,similique,Nylon,m,847
123,rerum,Algodón,unidad,422
124,est,Mezcla,m,478
125,vero,Mezcla,m,720
126,quod,Poliéster,unidad,361
127,sapiente,Poliéster,m,938
128,doloribus,Poliéster,kg,698
129,expedita,Algodón,unidad,932
130,quam,Mezcla,m,133
131,qui,Nylon,m,78
132,iste,Mezcla,m,315
133,itaque,Nylon,m,138
134,explicabo,Poliéster,unidad,178
135,deserunt,Mezcla,kg,97
136,beatae,Poliéster,unidad,104
137,laborum,Poliéster,kg,306
138,illum,Mezcla,kg,599
139,eius,Poliéster,unidad,968
140,corrupti,Nylon,kg,635
141,ipsum,Poliéster,kg,882
142,iste,Poliéster,kg,391
143,accusantium,Mezcla,unidad,668
144,distinctio,Nylon,kg,544
145,provident,Nylon,unidad,489
146,nam,Nylon,m,177
147,odio,Poliéster,kg,179
148,totam,Nylon,kg,206
149,cumque,Algodón,kg,784
150,repellendus,Nylon,kg,776
151,eveniet,Poliéster,kg,418
152,nesciunt,Algodón,kg,380
153,molestias,Poliéster,unidad,609
154,sequi,Poliéster,m,397
155,fugiat,Poliéster,m,481
156,quas,Nylon,unidad,841
157,cum,Mezcla,kg,616
158,quae,Algodón,kg,927
159,doloribus,Poliéster,kg,553
160,iure,Algodón,kg,779
161,fugit,Nylon,unidad,575
162,impedit,Nylon,kg,990
163,accusantium,Poliéster,kg,688
164,odio,Algodón,m,610
165,incidunt,Algodón,kg,420
166,magnam,Mezcla,unidad,135
167,minus,Nylon,m,696
168,modi,Algodón,m,625
169,vero,Algodón,m,842
170,maiores,Nylon,unidad,472
171,quisquam,Poliéster,unidad,182
172,ratione,Mezcla,kg,433
173,et,Nylon,unidad,600
174,reprehenderit,Poliéster,kg,680
175,iusto,Nylon,unidad,315
176,ullam,Poliéster,kg,163
177,cumque,Algodón,unidad,462
178,deleniti,Mezcla,kg,64
179,officiis,Algodón,kg,497
180,perferendis,Algodón,m,401
181,distinctio,Poliéster,unidad,788
182,voluptatum,Nylon,m,401
183,ab,Poliéster,unidad,703
184,eligendi,Algodón,unidad,564
185,quibusdam,Algodón,m,596
186,expedita,Poliéster,unidad,992
187,quis,Mezcla,kg,445
188,voluptas,Algodón,unidad,210
189,iusto,Poliéster,unidad,52
190,doloremque,Nylon,unidad,334
191,fugiat,Nylon,m,100
192,veritatis,Mezcla,m,948
193,autem,Nylon,kg,194
194,ipsa,Algodón,kg,329
195,dolor,Mezcla,m,462
196,dolor,Nylon,unidad,150
197,dolor,Algodón,m,772
198,deleniti,Mezcla,kg,554
199,exercitationem,Mezcla,unidad,100
200,eaque,Mezcla,m,818
201,ut,Nylon,m,372
202,exercitationem,Poliéster,m,596
203,voluptate,Mezcla,unidad,340
204,accusamus,Poliéster,unidad,966
205,hic,Poliéster,m,918
206,id,Algodón,kg,209
207,debitis,Nylon,unidad,391
208,totam,Poliéster,unidad,314
209,possimus,Nylon,m,649
210,delectus,Algodón,unidad,896
211,tempora,Mezcla,kg,134
212,numquam,Poliéster,kg,159
213,quaerat,Algodón,m,244
214,nam,Algodón,m,329
215,molestias,Mezcla,kg,839
216,reprehenderit,Poliéster,m,815
217,voluptas,Nylon,kg,534
218,sequi,Poliéster,kg,801
219,consequatur,Algodón,unidad,964
220,deleniti,Mezcla,unidad,487
221,fuga,Mezcla,unidad,507
222,dignissimos,Algodón,kg,158
223,blanditiis,Poliéster,m,84
224,consequatur,Poliéster,kg,185
225,ducimus,Algodón,unidad,499
226,quaerat,Nylon,kg,549
227,cupiditate,Nylon,unidad,689
228,autem,Nylon,unidad,885
229,iusto,Nylon,kg,483
230,officiis,Mezcla,unidad,306
231,molestiae,Mezcla,m,608
232,libero,Nylon,unidad,247
233,iste,Poliéster,unidad,263
234,iusto,Nylon,kg,922
235,totam,Algodón,kg,150
236,quam,Algodón,m,156
237,labore,Mezcla,m,562
238,corporis,Mezcla,m,318
239,omnis,Nylon,kg,426
240,facere,Algodón,kg,701
241,accusantium,Algodón,kg,362
242,tempore,Poliéster,m,544
243,magni,Mezcla,kg,833
244,praesentium,Algodón,unidad,249
245,perspiciatis,Mezcla,unidad,138
246,ipsa,Nylon,unidad,422
247,molestias,Nylon,unidad,788
248,debitis,Mezcla,m,850
249,tempore,Algodón,kg,576
250,rerum,Nylon,kg,839
251,in,Mezcla,kg,806
252,sunt,Mezcla,unidad,431
253,assumenda,Nylon,unidad,216
254,enim,Poliéster,kg,143
255,inventore,Nylon,m,616
256,illo,Algodón,kg,354
257,dolorem,Poliéster,m,870
258,iste,Mezcla,kg,761
259,dignissimos,Mezcla,unidad,119
260,necessitatibus,Algodón,m,598
261,ipsam,Nylon,kg,505
262,quisquam,Algodón,unidad,643
263,accusamus,Nylon,unidad,870
264,beatae,Nylon,m,186
265,quisquam,Nylon,kg,714
266,debitis,Algodón,unidad,892
267,nostrum,Mezcla,m,972
268,minus,Poliéster,unidad,985
269,veritatis,Nylon,kg,813
270,ipsa,Poliéster,m,120
271,quos,Nylon,kg,850
272,inventore,Algodón,unidad,146
273,illo,Mezcla,unidad,717
274,recusandae,Poliéster,kg,647
275,velit,Poliéster,m,136
276,totam,Poliéster,unidad,264
277,dolorum,Poliéster,unidad,798
278,minus,Poliéster,unidad,618
279,porro,Poliéster,kg,456
280,nihil,Nylon,unidad,282
281,est,Poliéster,unidad,395
282,nobis,Poliéster,m,656
283,minima,Mezcla,kg,584
284,recusandae,Poliéster,m,675
285,cupiditate,Mezcla,unidad,724
286,suscipit,Mezcla,kg,323
287,quo,Mezcla,kg,361
288,ea,Nylon,kg,562
289,quam,Mezcla,kg,746
290,necessitatibus,Poliéster,m,789
291,quae,Poliéster,m,851
292,quod,Mezcla,unidad,955
293,aut,Mezcla,kg,55
294,sapiente,Nylon,m,713
295,fuga,Nylon,kg,654
296,voluptatibus,Poliéster,m,979
297,aperiam,Poliéster,m,542
298,cumque,Nylon,unidad,708
299,delectus,Algodón,kg,751
300,possimus,Mezcla,m,408
301,soluta,Mezcla,unidad,301
302,nobis,Mezcla,unidad,233
303,facere,Poliéster,kg,785
304,facilis,Mezcla,m,111
305,error,Nylon,kg,131
306,doloribus,Mezcla,unidad,120
307,corrupti,Algodón,kg,843
308,voluptates,Nylon,unidad,741
309,natus,Mezcla,unidad,884
310,maiores,Mezcla,m,247
311,explicabo,Algodón,m,776
312,sint,Nylon,kg,642
313,saepe,Nylon,unidad,866
314,praesentium,Poliéster,m,595
315,placeat,Mezcla,m,627
316,vitae,Mezcla,unidad,872
317,fuga,Mezcla,unidad,387
318,et,Poliéster,m,642
319,tenetur,Nylon,m,576
320,nihil,Poliéster,m,69
321,voluptates,Algodón,m,576
322,ad,Mezcla,m,291
323,tempora,Poliéster,unidad,772
324,laboriosam,Mezcla,m,285
325,rem,Mezcla,m,194
326,vero,Algodón,unidad,594
327,provident,Algodón,kg,497
328,nihil,Algodón,kg,990
329,eum,Mezcla,m,574
330,odio,Algodón,kg,927
331,minima,Algodón,m,333
332,ipsam,Mezcla,m,125
333,officia,Nylon,kg,671
334,officiis,Nylon,kg,707
335,quas,Poliéster,kg,309
336,neque,Nylon,unidad,375
337,quaerat,Poliéster,unidad,364
338,molestiae,Poliéster,unidad,962
339,eveniet,Mezcla,unidad,74
340,libero,Poliéster,m,541
341,ipsum,Nylon,unidad,395
342,quaerat,Poliéster,kg,699
343,nesciunt,Mezcla,kg,536
344,dolore,Mezcla,m,955
345,ipsum,Mezcla,m,956
346,voluptatibus,Mezcla,m,58
347,similique,Mezcla,kg,225
348,eius,Mezcla,unidad,918
349,reprehenderit,Poliéster,m,457
350,tenetur,Algodón,m,990
351,nisi,Nylon,unidad,913
352,excepturi,Mezcla,unidad,729
353,dolorum,Algodón,m,625
354,et,Poliéster,kg,273
355,sapiente,Mezcla,kg,446
356,sunt,Mezcla,m,612
357,necessitatibus,Poliéster,unidad,781
358,quaerat,Mezcla,kg,933
359,numquam,Poliéster,unidad,267
360,magnam,Poliéster,m,947
361,voluptate,Mezcla,m,997
362,reiciendis,Mezcla,kg,566
363,qui,Algodón,unidad,961
364,laudantium,Mezcla,m,646
365,cumque,Mezcla,unidad,815
366,distinctio,Nylon,kg,767
367,asperiores,Mezcla,unidad,398
368,saepe,Mezcla,m,919
369,nemo,Poliéster,kg,199
370,provident,Poliéster,unidad,525
371,voluptatibus,Nylon,kg,599
372,temporibus,Nylon,m,517
373,laboriosam,Poliéster,m,192
374,neque,Algodón,unidad,525
375,accusantium,Mezcla,kg,570
376,sit,Mezcla,kg,486
377,est,Nylon,kg,552
378,nesciunt,Poliéster,m,343
379,neque,Poliéster,kg,269
380,corporis,Algodón,m,101
381,tempore,Nylon,unidad,860
382,provident,Poliéster,kg,841
383,possimus,Algodón,kg,433
384,amet,Algodón,unidad,817
385,quam,Algodón,unidad,200
386,rerum,Nylon,m,496
387,dolore,Nylon,m,384
388,nihil,Nylon,kg,372
389,tempore,Nylon,kg,668
390,culpa,Poliéster,unidad,55
391,fugiat,Poliéster,unidad,461
392,eum,Poliéster,m,509
393,maxime,Nylon,m,858
394,nostrum,Poliéster,kg,65
395,eos,Poliéster,unidad,474
396,quia,Poliéster,unidad,530
397,sapiente,Poliéster,unidad,774
398,amet,Mezcla,unidad,582
399,possimus,Mezcla,m,371
400,perferendis,Algodón,m,825
401,quam,Nylon,unidad,929
402,ad,Poliéster,m,400
403,impedit,Poliéster,m,842
404,cum,Nylon,kg,445
405,odit,Nylon,kg,123
406,molestiae,Poliéster,unidad,988
407,cupiditate,Mezcla,kg,789
408,deserunt,Mezcla,unidad,544
409,consectetur,Algodón,m,503
410,blanditiis,Mezcla,m,699
411,quasi,Algodón,kg,64
412,ipsam,Mezcla,unidad,217
413,repellendus,Nylon,kg,643
414,atque,Poliéster,kg,907
415,expedita,Algodón,unidad,990
416,ex,Poliéster,unidad,358
417,quisquam,Nylon,kg,80
418,voluptates,Algodón,m,471
419,vel,Algodón,unidad,350
420,atque,Mezcla,kg,316
421,dignissimos,Algodón,unidad,256
422,beatae,Mezcla,kg,404
423,impedit,Mezcla,kg,430
424,ipsa,Algodón,unidad,282
425,consectetur,Algodón,m,645
426,numquam,Nylon,kg,153
427,similique,Algodón,unidad,215
428,officiis,Algodón,kg,157
429,similique,Algodón,kg,64
430,tempore,Poliéster,kg,291
431,reprehenderit,Nylon,m,356
432,quibusdam,Nylon,m,686
433,est,Poliéster,kg,118
434,recusandae,Nylon,m,812
435,fugiat,Nylon,unidad,451
436,dignissimos,Poliéster,m,952
437,tempora,Algodón,m,647
438,dicta,Poliéster,unidad,497
439,officiis,Algodón,m,446
440,numquam,Algodón,unidad,774
441,nihil,Algodón,unidad,564
442,similique,Nylon,unidad,69
443,dicta,Algodón,unidad,698
444,minima,Algodón,m,590
445,fugit,Nylon,kg,537
446,laborum,Algodón,kg,148
447,neque,Poliéster,m,724
448,quibusdam,Poliéster,kg,447
449,voluptas,Poliéster,kg,765
450,atque,Mezcla,kg,174
451,magnam,Poliéster,m,98
452,repudiandae,Nylon,unidad,442
453,placeat,Nylon,kg,957
454,ex,Mezcla,m,779
455,accusamus,Mezcla,m,643
456,ullam,Nylon,kg,914
457,in,Algodón,unidad,194
458,sapiente,Algodón,kg,358
459,id,Poliéster,kg,859
460,optio,Nylon,m,915
461,impedit,Algodón,unidad,89
462,id,Nylon,unidad,950
463,voluptatum,Mezcla,kg,788
464,ipsa,Mezcla,kg,795
465,soluta,Poliéster,m,875
466,voluptate,Mezcla,m,145
467,cupiditate,Mezcla,unidad,787
468,nesciunt,Algodón,unidad,790
469,nobis,Algodón,unidad,636
470,inventore,Algodón,unidad,195
471,odio,Nylon,unidad,440
472,sint,Mezcla,unidad,68
473,magnam,Mezcla,kg,398
474,laudantium,Poliéster,m,909
475,mollitia,Algodón,unidad,353
476,iste,Poliéster,unidad,214
477,harum,Poliéster,kg,981
478,inventore,Mezcla,m,410
479,ullam,Mezcla,kg,155
480,deserunt,Algodón,unidad,883
481,neque,Nylon,m,962
482,et,Nylon,kg,679
483,possimus,Poliéster,unidad,321
484,architecto,Nylon,unidad,131
485,laborum,Poliéster,kg,339
486,voluptatem,Poliéster,unidad,237
487,debitis,Mezcla,kg,426
488,ex,Mezcla,kg,548
489,voluptate,Poliéster,m,706
490,atque,Mezcla,kg,818
491,laborum,Nylon,m,497
492,voluptates,Nylon,m,426
493,inventore,Nylon,m,682
494,culpa,Poliéster,m,208
495,maxime,Algodón,m,638
496,quod,Mezcla,kg,108
497,placeat,Poliéster,kg,430
498,ipsa,Algodón,unidad,115
499,cum,Algodón,kg,373
500,officiis,Nylon,kg,222
501,corporis,Algodón,kg,846
502,rem,Poliéster,unidad,813
503,quaerat,Nylon,unidad,228
504,reiciendis,Nylon,m,916
505,ipsum,Nylon,unidad,107
506,reiciendis,Algodón,kg,741
507,quasi,Algodón,unidad,937
508,pariatur,Poliéster,unidad,523
509,blanditiis,Algodón,m,986
510,adipisci,Algodón,kg,707
511,modi,Nylon,kg,87
512,quidem,Mezcla,unidad,547
513,suscipit,Mezcla,m,276
514,saepe,Nylon,unidad,595
515,molestiae,Poliéster,m,133
516,deserunt,Nylon,unidad,620
517,excepturi,Nylon,unidad,638
518,accusantium,Nylon,m,82
519,praesentium,Poliéster,unidad,52
520,fuga,Poliéster,unidad,879
521,corrupti,Nylon,kg,697
522,asperiores,Nylon,unidad,682
523,minima,Poliéster,unidad,157
524,nemo,Poliéster,m,961
525,ducimus,Algodón,kg,313
526,a,Algodón,unidad,660
527,aspernatur,Algodón,m,155
528,voluptatem,Algodón,m,204
529,nemo,Mezcla,kg,633
530,itaque,Mezcla,unidad,218
531,ea,Poliéster,m,706
532,dolorum,Algodón,m,352
533,delectus,Poliéster,m,816
534,in,Mezcla,kg,639
535,pariatur,Algodón,m,687
536,minima,Nylon,kg,129
537,ut,Mezcla,kg,399
538,quas,Nylon,unidad,820
539,magnam,Poliéster,unidad,870
540,aliquam,Nylon,kg,727
541,sed,Nylon,m,545
542,mollitia,Algodón,kg,964
543,aliquam,Algodón,m,614
544,officiis,Nylon,unidad,956
545,possimus,Poliéster,m,966
546,rem,Nylon,m,424
547,autem,Mezcla,kg,694
548,vitae,Mezcla,unidad,100
549,rem,Poliéster,kg,527
550,vero,Poliéster,kg,886
551,aspernatur,Mezcla,unidad,346
552,repellat,Poliéster,unidad,69
553,doloremque,Algodón,m,295
554,optio,Poliéster,m,420
555,perferendis,Mezcla,kg,877
556,facere,Nylon,m,367
557,optio,Poliéster,kg,153
558,magnam,Poliéster,kg,698
559,incidunt,Nylon,m,319
560,voluptatibus,Nylon,m,431
561,fugiat,Poliéster,kg,125
562,voluptate,Mezcla,kg,898
563,ullam,Nylon,kg,988
564,facere,Nylon,unidad,742
565,pariatur,Mezcla,kg,160
566,ratione,Nylon,m,882
567,praesentium,Nylon,kg,243
568,quae,Algodón,unidad,278
569,sunt,Mezcla,kg,597
570,debitis,Algodón,m,706
571,eum,Mezcla,unidad,511
572,nobis,Algodón,kg,597
573,velit,Algodón,unidad,882
574,pariatur,Nylon,unidad,751
575,magnam,Nylon,m,612
576,eius,Poliéster,unidad,814
577,velit,Mezcla,m,501
578,incidunt,Mezcla,kg,95
579,delectus,Nylon,kg,76
580,pariatur,Mezcla,m,812
581,quod,Mezcla,kg,674
582,nemo,Algodón,kg,448
583,ut,Algodón,unidad,557
584,eligendi,Algodón,unidad,203
585,voluptate,Algodón,kg,63
586,repudiandae,Nylon,m,194
587,sunt,Algodón,m,185
588,culpa,Nylon,m,646
589,commodi,Mezcla,m,572
590,magnam,Algodón,kg,471
591,omnis,Poliéster,kg,831
592,tenetur,Mezcla,unidad,515
593,non,Poliéster,m,180
594,dicta,Mezcla,kg,54
595,recusandae,Nylon,kg,990
596,ea,Nylon,kg,558
597,fugit,Poliéster,kg,424
598,deserunt,Algodón,unidad,401
599,facere,Algodón,unidad,948
600,quam,Poliéster,unidad,725
601,facilis,Mezcla,unidad,919
602,adipisci,Algodón,unidad,651
603,consequatur,Poliéster,unidad,416
604,error,Nylon,m,107
605,beatae,Algodón,m,774
606,atque,Mezcla,kg,340
607,sunt,Algodón,unidad,192
608,tenetur,Nylon,unidad,578
609,laboriosam,Nylon,kg,907
610,fugit,Mezcla,kg,397
611,debitis,Mezcla,unidad,745
612,ipsa,Nylon,kg,727
613,veniam,Poliéster,kg,370
614,quod,Algodón,m,714
615,maxime,Nylon,m,275
616,error,Mezcla,kg,106
617,numquam,Mezcla,kg,906
618,vitae,Nylon,unidad,68
619,fugit,Mezcla,m,461
620,ullam,Mezcla,m,263
621,alias,Mezcla,unidad,917
622,quas,Algodón,kg,485
623,aliquid,Mezcla,m,782
624,ad,Poliéster,m,371
625,blanditiis,Algodón,m,665
626,suscipit,Poliéster,unidad,729
627,vitae,Poliéster,m,354
628,inventore,Nylon,kg,743
629,unde,Mezcla,m,818
630,voluptas,Mezcla,m,272
631,atque,Nylon,unidad,372
632,earum,Poliéster,kg,490
633,sit,Mezcla,kg,678
634,quo,Poliéster,m,957
635,maxime,Nylon,m,282
636,dolorum,Mezcla,kg,143
637,iusto,Nylon,m,213
638,nesciunt,Mezcla,kg,505
639,officiis,Nylon,unidad,569
640,perferendis,Nylon,m,56
641,magnam,Algodón,m,181
642,ratione,Mezcla,m,513
643,quam,Algodón,m,711
644,dolore,Algodón,kg,265
645,sunt,Mezcla,m,295
646,mollitia,Poliéster,kg,693
647,facere,Nylon,kg,306
648,optio,Algodón,kg,771
649,impedit,Nylon,m,653
650,quo,Nylon,unidad,268
651,perferendis,Algodón,m,267
652,sed,Poliéster,kg,280
653,sit,Poliéster,kg,161
654,cum,Nylon,kg,813
655,eum,Mezcla,unidad,562
656,iure,Nylon,unidad,993
657,dolor,Algodón,unidad,998
658,ad,Mezcla,kg,128
659,recusandae,Mezcla,kg,194
660,alias,Poliéster,m,113
661,iure,Nylon,unidad,820
662,doloremque,Mezcla,unidad,531
663,veniam,Nylon,kg,147
664,aspernatur,Algodón,kg,890
665,ipsum,Algodón,m,179
666,quod,Mezcla,kg,746
667,voluptatum,Poliéster,kg,662
668,placeat,Nylon,unidad,581
669,totam,Poliéster,unidad,493
670,laudantium,Algodón,unidad,93
671,totam,Algodón,kg,179
672,porro,Nylon,m,455
673,in,Poliéster,unidad,513
674,tempora,Mezcla,kg,520
675,eligendi,Mezcla,kg,367
676,repudiandae,Nylon,m,945
677,ducimus,Poliéster,kg,296
678,iste,Poliéster,m,217
679,perferendis,Nylon,kg,196
680,occaecati,Nylon,unidad,225
681,placeat,Nylon,unidad,662
682,sequi,Algodón,kg,660
683,non,Algodón,kg,735
684,voluptate,Mezcla,unidad,93
685,illum,Poliéster,kg,358
686,ad,Algodón,m,482
687,quis,Algodón,unidad,629
688,facilis,Mezcla,unidad,284
689,sunt,Mezcla,kg,864
690,enim,Mezcla,kg,559
691,aperiam,Algodón,unidad,753
692,sunt,Mezcla,m,503
693,sunt,Mezcla,unidad,938
694,voluptate,Poliéster,m,537
695,facilis,Mezcla,kg,488
696,accusamus,Algodón,kg,366
697,accusamus,Mezcla,unidad,762
698,veritatis,Poliéster,kg,169
699,fugit,Nylon,unidad,273
700,expedita,Nylon,m,748
701,magni,Poliéster,m,659
702,quasi,Poliéster,kg,570
703,commodi,Mezcla,unidad,728
704,ratione,Poliéster,unidad,387
705,a,Mezcla,m,345
706,similique,Mezcla,kg,184
707,qui,Mezcla,m,91
708,amet,Mezcla,m,187
709,nisi,Mezcla,m,671
710,odit,Algodón,kg,961
711,tenetur,Algodón,kg,851
712,voluptatem,Mezcla,m,304
713,voluptas,Algodón,unidad,358
714,reprehenderit,Algodón,kg,472
715,laborum,Algodón,m,575
716,laudantium,Algodón,unidad,665
717,similique,Mezcla,m,592
718,illum,Mezcla,m,882
719,ipsum,Algodón,kg,486
720,repellendus,Algodón,unidad,752
721,saepe,Poliéster,kg,972
722,odit,Algodón,unidad,371
723,deleniti,Poliéster,kg,781
724,neque,Algodón,unidad,574
725,veniam,Mezcla,unidad,123
726,quos,Nylon,m,391
727,debitis,Poliéster,kg,758
728,molestias,Mezcla,m,672
729,officia,Poliéster,m,855
730,nisi,Nylon,unidad,301
731,alias,Algodón,m,907
732,ut,Nylon,unidad,959
733,corrupti,Nylon,unidad,611
734,saepe,Algodón,m,89
735,quia,Nylon,m,774
736,nihil,Algodón,kg,548
737,autem,Poliéster,m,589
738,ducimus,Mezcla,kg,393
739,maiores,Poliéster,m,236
740,vel,Mezcla,unidad,248
741,quam,Mezcla,kg,754
742,provident,Poliéster,kg,167
743,similique,Algodón,unidad,168
744,labore,Algodón,kg,149
745,quisquam,Poliéster,kg,929
746,pariatur,Nylon,unidad,95
747,eum,Algodón,m,236
748,incidunt,Algodón,kg,740
749,eligendi,Nylon,kg,656
750,a,Algodón,kg,147
751,iure,Poliéster,kg,492
752,est,Poliéster,m,428
753,ea,Algodón,m,288
754,aliquid,Mezcla,kg,261
755,quisquam,Algodón,unidad,810
756,molestias,Mezcla,unidad,834
757,quas,Nylon,kg,473
758,fuga,Mezcla,kg,980
759,repellendus,Poliéster,m,137
760,neque,Algodón,m,379
761,ipsa,Algodón,m,828
762,at,Mezcla,unidad,244
763,quam,Mezcla,kg,534
764,quas,Poliéster,m,538
765,ipsa,Algodón,unidad,228
766,error,Nylon,m,177
767,illum,Algodón,m,714
768,culpa,Poliéster,m,297
769,corporis,Mezcla,unidad,808
770,eligendi,Algodón,unidad,988
771,laboriosam,Algodón,kg,746
772,laboriosam,Poliéster,kg,183
773,ab,Nylon,unidad,509
774,officia,Nylon,m,584
775,possimus,Nylon,kg,161
776,voluptatem,Mezcla,kg,511
777,suscipit,Algodón,unidad,494
778,doloremque,Nylon,m,754
779,possimus,Poliéster,kg,639
780,amet,Poliéster,unidad,64
781,animi,Algodón,unidad,767
782,magni,Poliéster,unidad,306
783,quasi,Nylon,unidad,335
784,consequatur,Mezcla,m,298
785,assumenda,Algodón,unidad,103
786,voluptate,Algodón,unidad,390
787,dolores,Poliéster,unidad,274
788,vel,Mezcla,unidad,505
789,recusandae,Mezcla,kg,835
790,in,Poliéster,unidad,671
791,corrupti,Poliéster,m,734
792,dolorum,Algodón,unidad,696
793,delectus,Mezcla,unidad,994
794,enim,Poliéster,kg,875
795,repudiandae,Poliéster,unidad,511
796,nihil,Algodón,unidad,97
797,minus,Nylon,m,936
798,officiis,Nylon,m,844
799,reiciendis,Mezcla,kg,538
800,autem,Algodón,kg,270
801,distinctio,Mezcla,m,90
802,voluptatem,Mezcla,kg,543
803,nisi,Mezcla,m,169
804,mollitia,Mezcla,kg,511
805,possimus,Nylon,kg,304
806,quaerat,Poliéster,unidad,885
807,cumque,Nylon,unidad,139
808,enim,Poliéster,unidad,183
809,totam,Nylon,unidad,732
810,eaque,Nylon,kg,177
811,iure,Algodón,m,250
812,iste,Mezcla,unidad,122
813,unde,Nylon,kg,378
814,sint,Poliéster,kg,535
815,quisquam,Mezcla,unidad,405
816,molestiae,Poliéster,m,766
817,voluptates,Nylon,unidad,383
818,temporibus,Nylon,kg,527
819,minus,Mezcla,kg,740
820,beatae,Mezcla,unidad,81
821,atque,Poliéster,m,327
822,dolorem,Algodón,unidad,704
823,quis,Mezcla,unidad,308
824,eligendi,Algodón,unidad,635
825,assumenda,Nylon,unidad,957
826,eum,Algodón,kg,239
827,a,Algodón,kg,780
828,fugit,Nylon,kg,80
829,ratione,Algodón,kg,371
830,pariatur,Mezcla,kg,73
831,rerum,Mezcla,kg,660
832,placeat,Poliéster,kg,148
833,nemo,Poliéster,unidad,166
834,quas,Nylon,m,210
835,fuga,Mezcla,unidad,62
836,cumque,Mezcla,kg,453
837,distinctio,Nylon,m,552
838,quos,Poliéster,unidad,172
839,est,Poliéster,unidad,536
840,maxime,Mezcla,unidad,773
841,officia,Mezcla,m,717
842,quisquam,Algodón,unidad,473
843,recusandae,Mezcla,m,405
844,quam,Mezcla,unidad,778
845,iusto,Algodón,unidad,444
846,magnam,Poliéster,m,605
847,velit,Poliéster,kg,571
848,ipsam,Poliéster,kg,964
849,assumenda,Nylon,kg,794
850,facere,Poliéster,m,776
851,libero,Algodón,m,111
852,eaque,Nylon,m,884
853,maxime,Algodón,kg,149
854,vero,Mezcla,unidad,897
855,numquam,Mezcla,unidad,631
856,minima,Algodón,m,458
857,aspernatur,Algodón,unidad,587
858,ratione,Poliéster,kg,853
859,nostrum,Nylon,unidad,382
860,similique,Nylon,unidad,841
861,animi,Mezcla,unidad,972
862,nemo,Mezcla,m,958
863,aperiam,Mezcla,kg,788
864,cum,Mezcla,kg,543
865,quas,Poliéster,unidad,521
866,omnis,Nylon,m,768
867,reprehenderit,Nylon,m,929
868,tempora,Algodón,m,699
869,laborum,Poliéster,m,903
870,ex,Algodón,kg,250
871,doloremque,Poliéster,kg,952
872,facere,Poliéster,m,716
873,commodi,Nylon,kg,845
874,quidem,Nylon,m,987
875,iste,Nylon,kg,228
876,quasi,Mezcla,kg,958
877,illo,Nylon,m,978
878,quia,Poliéster,m,153
879,iusto,Algodón,m,200
880,voluptatibus,Mezcla,kg,972
881,vel,Mezcla,kg,380
882,vitae,Nylon,kg,722
883,sint,Algodón,kg,789
884,enim,Mezcla,unidad,632
885,molestias,Nylon,m,639
886,quo,Poliéster,m,634
887,asperiores,Poliéster,unidad,132
888,hic,Algodón,m,554
889,aliquid,Nylon,unidad,873
890,doloribus,Algodón,kg,262
891,minus,Algodón,unidad,89
892,praesentium,Mezcla,kg,97
893,laboriosam,Nylon,m,800
894,sed,Algodón,unidad,813
895,id,Poliéster,kg,805
896,exercitationem,Nylon,unidad,65
897,repellendus,Poliéster,kg,780
898,earum,Algodón,kg,326
899,illo,Mezcla,m,591
900,officia,Poliéster,m,74
901,quisquam,Nylon,unidad,708
902,ipsa,Nylon,m,901
903,aliquid,Algodón,unidad,223
904,error,Algodón,kg,96
905,praesentium,Nylon,unidad,589
906,cumque,Algodón,unidad,435
907,ab,Mezcla,kg,100
908,magni,Algodón,m,979
909,porro,Nylon,m,829
910,autem,Nylon,unidad,383
911,atque,Algodón,kg,644
912,sunt,Nylon,m,740
913,dicta,Poliéster,unidad,626
914,expedita,Mezcla,kg,904
915,nesciunt,Mezcla,kg,553
916,sit,Poliéster,m,684
917,assumenda,Mezcla,unidad,112
918,dignissimos,Algodón,kg,417
919,ducimus,Mezcla,m,954
920,odio,Algodón,unidad,846
921,ut,Mezcla,unidad,282
922,itaque,Poliéster,kg,978
923,tempora,Poliéster,unidad,756
924,saepe,Poliéster,unidad,384
925,perspiciatis,Nylon,unidad,709
926,fugiat,Poliéster,kg,839
927,temporibus,Poliéster,unidad,137
928,possimus,Algodón,kg,718
929,libero,Mezcla,unidad,476
930,quae,Mezcla,kg,144
931,vero,Poliéster,unidad,652
932,temporibus,Poliéster,kg,433
933,id,Mezcla,unidad,793
934,necessitatibus,Algodón,unidad,351
935,ducimus,Mezcla,m,412
936,repudiandae,Poliéster,m,347
937,iste,Mezcla,m,606
938,vel,Poliéster,unidad,588
939,accusantium,Mezcla,m,391
940,doloribus,Poliéster,unidad,705
941,perferendis,Mezcla,kg,817
942,quod,Nylon,m,62
943,minima,Mezcla,kg,143
944,quia,Nylon,unidad,988
945,minima,Poliéster,unidad,734
946,officia,Poliéster,m,883
947,corporis,Algodón,unidad,275
948,dolorem,Mezcla,m,207
949,voluptate,Mezcla,m,360
950,necessitatibus,Algodón,unidad,157
951,magni,Algodón,unidad,805
952,beatae,Poliéster,kg,892
953,quas,Nylon,m,761
954,illo,Poliéster,kg,153
955,sed,Poliéster,m,82
956,sed,Algodón,kg,993
957,numquam,Nylon,unidad,126
958,sint,Mezcla,kg,587
959,iste,Poliéster,m,553
960,tenetur,Mezcla,kg,419
961,laudantium,Mezcla,kg,428
962,odio,Mezcla,kg,65
963,eveniet,Poliéster,kg,749
964,quia,Poliéster,unidad,952
965,quibusdam,Mezcla,m,188
966,ab,Poliéster,unidad,783
967,dolore,Poliéster,unidad,881
968,culpa,Algodón,m,80
969,enim,Poliéster,unidad,590
970,non,Mezcla,unidad,721
971,recusandae,Poliéster,kg,744
972,incidunt,Mezcla,unidad,866
973,cumque,Algodón,unidad,488
974,unde,Nylon,m,295
975,beatae,Nylon,kg,334
976,ipsa,Algodón,m,790
977,repellendus,Mezcla,kg,794
978,fuga,Mezcla,kg,862
979,eius,Algodón,kg,630
980,recusandae,Algodón,m,109
981,tempora,Poliéster,m,90
982,animi,Mezcla,m,952
983,in,Nylon,kg,317
984,odit,Poliéster,unidad,777
985,delectus,Algodón,unidad,995
986,assumenda,Mezcla,m,359
987,itaque,Mezcla,unidad,976
988,doloremque,Poliéster,m,707
989,reprehenderit,Nylon,kg,374
990,sequi,Algodón,unidad,767
991,nam,Poliéster,kg,320
992,quo,Mezcla,m,483
993,repudiandae,Nylon,m,688
994,hic,Mezcla,kg,711
995,minima,Mezcla,m,375
996,accusantium,Poliéster,kg,664
997,ad,Mezcla,kg,679
998,tempore,Poliéster,kg,375
999,est,Nylon,kg,149
1000,neque,Mezcla,m,851
1001,quis,Algodón,m,833
1002,voluptas,Nylon,m,538
1003,consequuntur,Algodón,m,511
1004,sapiente,Nylon,unidad,660
1005,voluptatum,Algodón,m,988
1006,reiciendis,Mezcla,kg,166
1007,animi,Mezcla,unidad,923
1008,quas,Algodón,m,875
1009,vero,Algodón,m,259
1010,at,Mezcla,kg,854
1011,impedit,Mezcla,unidad,993
1012,ducimus,Mezcla,m,276
1013,minima,Algodón,kg,723
1014,officia,Nylon,unidad,446
1015,occaecati,Algodón,m,150
1016,corporis,Poliéster,m,496
1017,repellendus,Poliéster,kg,937
1018,quo,Poliéster,unidad,407
1019,nesciunt,Nylon,m,283
1020,dolor,Poliéster,kg,906
1021,reiciendis,Nylon,unidad,720
1022,distinctio,Nylon,unidad,506
1023,nulla,Poliéster,unidad,822
1024,quisquam,Nylon,unidad,353
1025,quaerat,Poliéster,m,988
1026,dolorem,Poliéster,m,539
1027,alias,Algodón,unidad,358
1028,quas,Poliéster,m,70
1029,ducimus,Poliéster,m,152
1030,ducimus,Algodón,unidad,589
1031,deserunt,Algodón,unidad,765
1032,voluptate,Nylon,m,170
1033,mollitia,Poliéster,kg,377
1034,beatae,Algodón,m,887
1035,beatae,Nylon,unidad,809
1036,blanditiis,Mezcla,m,78
1037,odit,Algodón,unidad,351
1038,suscipit,Nylon,m,626
1039,a,Algodón,m,114
1040,deserunt,Mezcla,kg,294
1041,ad,Algodón,unidad,303
1042,inventore,Mezcla,unidad,363
1043,iure,Nylon,m,152
1044,suscipit,Poliéster,unidad,743
1045,veritatis,Mezcla,unidad,708
1046,porro,Nylon,kg,145
1047,at,Algodón,kg,838
1048,ut,Nylon,m,856
1049,ad,Algodón,kg,680
1050,blanditiis,Mezcla,unidad,961
1051,quia,Algodón,m,635
1052,quisquam,Poliéster,kg,309
1053,possimus,Mezcla,kg,185
1054,vitae,Poliéster,m,480
1055,recusandae,Mezcla,m,51
1056,beatae,Algodón,unidad,753
1057,sed,Algodón,unidad,724
1058,ratione,Algodón,m,415
1059,ut,Algodón,kg,743
1060,blanditiis,Mezcla,kg,191
1061,quasi,Nylon,m,239
1062,iusto,Algodón,m,668
1063,vero,Poliéster,m,588
1064,repudiandae,Algodón,unidad,400
1065,aliquam,Algodón,m,63
1066,asperiores,Algodón,m,422
1067,quaerat,Poliéster,unidad,832
1068,laudantium,Algodón,kg,600
1069,unde,Poliéster,m,710
1070,natus,Poliéster,m,895
1071,quaerat,Algodón,kg,93
1072,voluptatum,Mezcla,kg,954
1073,repudiandae,Mezcla,m,418
1074,incidunt,Mezcla,m,706
1075,vitae,Algodón,kg,678
1076,ducimus,Poliéster,kg,733
1077,excepturi,Algodón,m,264
1078,unde,Poliéster,unidad,986
1079,consectetur,Poliéster,m,454
1080,debitis,Algodón,m,812
1081,ad,Algodón,unidad,996
1082,tempora,Algodón,m,476
1083,tenetur,Mezcla,m,696
1084,molestiae,Poliéster,kg,151
1085,doloremque,Nylon,unidad,450
1086,exercitationem,Algodón,kg,975
1087,sit,Nylon,kg,628
1088,rem,Mezcla,unidad,746
1089,eos,Mezcla,kg,907
1090,laborum,Poliéster,m,697
1091,doloremque,Mezcla,unidad,860
1092,consequuntur,Mezcla,m,587
1093,beatae,Nylon,unidad,772
1094,distinctio,Mezcla,unidad,363
1095,quisquam,Nylon,m,741
1096,repellat,Poliéster,unidad,688
1097,nihil,Nylon,m,570
1098,neque,Poliéster,unidad,679
1099,cupiditate,Algodón,m,85
1100,ipsam,Algodón,m,777
1101,tempora,Poliéster,unidad,824
1102,eum,Nylon,kg,246
1103,architecto,Mezcla,m,872
1104,voluptas,Nylon,m,944
1105,consequatur,Nylon,m,724
1106,rerum,Poliéster,m,730
1107,quae,Mezcla,unidad,492
1108,modi,Nylon,m,482
1109,delectus,Poliéster,unidad,606
1110,fugiat,Mezcla,unidad,399
1111,distinctio,Nylon,m,56
1112,odio,Algodón,unidad,509
1113,animi,Mezcla,m,591
1114,mollitia,Poliéster,unidad,362
1115,reiciendis,Mezcla,unidad,908
1116,ipsa,Nylon,m,894
1117,quod,Nylon,unidad,910
1118,unde,Nylon,unidad,931
1119,aut,Poliéster,unidad,128
1120,dolorum,Nylon,m,522
1121,dolore,Nylon,unidad,554
1122,sapiente,Nylon,unidad,902
1123,aut,Mezcla,m,901
1124,illum,Algodón,unidad,624
1125,dolores,Algodón,kg,140
1126,saepe,Poliéster,kg,759
1127,sequi,Algodón,kg,326
1128,ullam,Nylon,kg,606
1129,adipisci,Mezcla,m,909
1130,officiis,Algodón,kg,718
1131,unde,Algodón,kg,887
1132,tempore,Nylon,unidad,384
1133,pariatur,Mezcla,unidad,180
1134,suscipit,Nylon,kg,169
1135,soluta,Nylon,unidad,718
1136,amet,Nylon,unidad,548
1137,ipsum,Poliéster,m,638
1138,molestiae,Mezcla,m,914
1139,explicabo,Nylon,m,806
1140,iste,Nylon,kg,835
1141,magni,Algodón,kg,326
1142,perspiciatis,Poliéster,m,342
1143,optio,Poliéster,m,64
1144,est,Algodón,unidad,741
1145,tenetur,Algodón,m,941
1146,delectus,Mezcla,m,596
1147,debitis,Nylon,kg,454
1148,nostrum,Algodón,unidad,704
1149,culpa,Mezcla,m,308
1150,pariatur,Mezcla,unidad,593
1151,excepturi,Mezcla,kg,770
1152,quibusdam,Nylon,unidad,843
1153,doloribus,Nylon,kg,497
1154,molestias,Nylon,m,534
1155,repellat,Algodón,m,594
1156,quae,Nylon,m,703
1157,quibusdam,Algodón,m,262
1158,aliquid,Algodón,kg,596
1159,natus,Mezcla,unidad,384
1160,labore,Algodón,m,135
1161,distinctio,Poliéster,kg,150
1162,quo,Algodón,m,985
1163,voluptate,Mezcla,unidad,955
1164,id,Algodón,unidad,351
1165,error,Mezcla,m,541
1166,nemo,Nylon,kg,184
1167,reiciendis,Nylon,kg,343
1168,ea,Mezcla,m,757
1169,cupiditate,Nylon,m,761
1170,iste,Nylon,kg,719
1171,odio,Nylon,unidad,618
1172,ad,Poliéster,m,68
1173,alias,Algodón,unidad,857
1174,sit,Algodón,kg,858
1175,dolorum,Nylon,unidad,259
1176,natus,Mezcla,kg,521
1177,perspiciatis,Poliéster,m,788
1178,debitis,Algodón,m,434
1179,sunt,Mezcla,unidad,603
1180,porro,Poliéster,kg,526
1181,laborum,Poliéster,unidad,818
1182,dolore,Mezcla,m,817
1183,voluptate,Mezcla,m,571
1184,iusto,Poliéster,unidad,652
1185,recusandae,Nylon,kg,528
1186,sequi,Nylon,unidad,492
1187,ratione,Algodón,m,703
1188,maiores,Algodón,kg,826
1189,vitae,Poliéster,m,410
1190,quasi,Algodón,m,459
1191,eligendi,Nylon,m,696
1192,labore,Algodón,m,119
1193,necessitatibus,Mezcla,m,775
1194,assumenda,Poliéster,kg,736
1195,quibusdam,Mezcla,unidad,440
1196,minus,Poliéster,unidad,939
1197,quis,Poliéster,unidad,413
1198,maxime,Algodón,m,935
1199,illum,Mezcla,unidad,269
1200,doloremque,Algodón,kg,253
1201,provident,Algodón,kg,503
1202,similique,Algodón,kg,769
1203,occaecati,Algodón,kg,966
1204,quidem,Algodón,kg,951
1205,corporis,Algodón,kg,340
1206,accusantium,Nylon,kg,332
1207,enim,Nylon,m,446
1208,laborum,Poliéster,kg,540
1209,cumque,Algodón,unidad,319
1210,laborum,Mezcla,kg,242
1211,accusamus,Nylon,unidad,993
1212,officiis,Nylon,unidad,367
1213,vitae,Mezcla,unidad,878
1214,iusto,Nylon,m,918
1215,quia,Nylon,unidad,266
1216,voluptatum,Poliéster,kg,740
1217,explicabo,Nylon,kg,658
1218,repellendus,Poliéster,kg,78
1219,numquam,Nylon,kg,578
1220,tenetur,Mezcla,m,557
1221,dicta,Nylon,kg,253
1222,quo,Nylon,m,312
1223,tenetur,Algodón,unidad,445
1224,aspernatur,Algodón,kg,608
1225,repellat,Algodón,unidad,324
1226,fugit,Nylon,kg,323
1227,eveniet,Algodón,m,544
1228,voluptate,Mezcla,unidad,967
1229,voluptates,Poliéster,m,555
1230,cupiditate,Poliéster,unidad,876
1231,pariatur,Nylon,kg,246
1232,minima,Nylon,unidad,961
1233,nemo,Nylon,kg,413
1234,cupiditate,Nylon,m,387
1235,ducimus,Algodón,kg,149
1236,odio,Poliéster,m,909
1237,quasi,Mezcla,kg,361
1238,hic,Poliéster,m,418
1239,harum,Nylon,unidad,849
1240,voluptas,Poliéster,m,147
1241,eum,Algodón,m,393
1242,nesciunt,Algodón,m,231
1243,enim,Mezcla,unidad,856
1244,nihil,Nylon,m,476
1245,pariatur,Mezcla,unidad,750
1246,vero,Nylon,unidad,267
1247,voluptatum,Nylon,m,577
1248,autem,Mezcla,unidad,385
1249,eos,Nylon,unidad,174
1250,error,Nylon,unidad,982
1251,fugit,Algodón,kg,943
1252,sunt,Poliéster,unidad,895
1253,nulla,Mezcla,m,94
1254,a,Nylon,m,277
1255,soluta,Mezcla,m,112
1256,praesentium,Mezcla,unidad,481
1257,quos,Mezcla,kg,298
1258,ducimus,Poliéster,m,394
1259,cupiditate,Mezcla,m,607
1260,animi,Poliéster,kg,446
1261,hic,Algodón,unidad,487
1262,odio,Mezcla,unidad,451
1263,ab,Nylon,kg,379
1264,consequuntur,Poliéster,kg,876
1265,eligendi,Algodón,kg,707
1266,in,Nylon,m,645
1267,suscipit,Algodón,unidad,232
1268,tempora,Poliéster,kg,133
1269,quo,Mezcla,kg,487
1270,aliquid,Algodón,unidad,770
1271,at,Poliéster,kg,389
1272,voluptas,Algodón,unidad,82
1273,mollitia,Algodón,m,334
1274,esse,Nylon,kg,473
1275,corporis,Poliéster,unidad,989
1276,id,Mezcla,kg,53
1277,iste,Nylon,kg,976
1278,voluptas,Mezcla,unidad,669
1279,magnam,Poliéster,m,79
1280,animi,Nylon,unidad,229
1281,minus,Algodón,unidad,234
1282,odit,Algodón,unidad,706
1283,unde,Poliéster,m,950
1284,ipsam,Poliéster,unidad,720
1285,nihil,Algodón,m,974
1286,corrupti,Poliéster,m,334
1287,nesciunt,Algodón,m,221
1288,reprehenderit,Nylon,kg,884
1289,architecto,Poliéster,m,424
1290,dignissimos,Nylon,m,611
1291,inventore,Mezcla,kg,573
1292,voluptas,Algodón,kg,244
1293,alias,Nylon,unidad,746
1294,magnam,Nylon,kg,909
1295,fugit,Mezcla,kg,520
1296,voluptatibus,Poliéster,m,188
1297,velit,Mezcla,unidad,118
1298,laudantium,Poliéster,m,582
1299,autem,Nylon,kg,204
1300,pariatur,Algodón,m,692
1301,veniam,Poliéster,kg,416
1302,sapiente,Mezcla,kg,121
1303,iure,Mezcla,m,573
1304,beatae,Nylon,kg,253
1305,debitis,Mezcla,m,646
1306,ab,Nylon,kg,460
1307,earum,Poliéster,unidad,346
1308,voluptate,Algodón,m,67
1309,sunt,Mezcla,unidad,188
1310,autem,Poliéster,unidad,569
1311,inventore,Nylon,m,213
1312,saepe,Nylon,m,133
1313,natus,Mezcla,unidad,406
1314,facilis,Algodón,m,548
1315,a,Nylon,kg,600
1316,asperiores,Poliéster,unidad,182
1317,occaecati,Mezcla,unidad,510
1318,assumenda,Algodón,unidad,94
1319,id,Algodón,kg,655
1320,ipsa,Nylon,kg,271
1321,aspernatur,Algodón,unidad,774
1322,ratione,Mezcla,m,727
1323,itaque,Algodón,kg,564
1324,assumenda,Algodón,kg,996
1325,minima,Nylon,kg,408
1326,similique,Mezcla,unidad,322
1327,suscipit,Poliéster,m,242
1328,odit,Nylon,m,926
1329,placeat,Nylon,unidad,894
1330,laboriosam,Mezcla,m,550
1331,iusto,Nylon,m,257
1332,vero,Mezcla,m,162
1333,fuga,Poliéster,unidad,889
1334,unde,Algodón,unidad,749
1335,magnam,Algodón,m,289
1336,quam,Poliéster,unidad,190
1337,eos,Nylon,unidad,149
1338,vero,Mezcla,unidad,86
1339,doloremque,Nylon,unidad,992
1340,tempora,Poliéster,unidad,710
1341,nesciunt,Mezcla,unidad,763
1342,quisquam,Mezcla,m,643
1343,ipsam,Algodón,kg,465
1344,eligendi,Mezcla,kg,136
1345,eum,Poliéster,unidad,553
1346,culpa,Algodón,unidad,571
1347,sunt,Mezcla,m,92
1348,est,Nylon,m,746
1349,temporibus,Poliéster,kg,944
1350,quaerat,Algodón,unidad,959
1351,quam,Algodón,kg,114
1352,iste,Algodón,unidad,228
1353,iste,Nylon,m,859
1354,occaecati,Nylon,unidad,935
1355,dolores,Mezcla,unidad,717
1356,molestiae,Nylon,kg,781
1357,voluptatem,Nylon,m,696
1358,aut,Mezcla,m,537
1359,totam,Nylon,unidad,696
1360,quo,Mezcla,unidad,758
1361,itaque,Algodón,unidad,338
1362,facilis,Mezcla,m,359
1363,quo,Algodón,m,975
1364,quod,Poliéster,m,932
1365,repellat,Nylon,m,172
1366,ad,Poliéster,unidad,81
1367,labore,Nylon,unidad,829
1368,magnam,Nylon,m,134
1369,temporibus,Nylon,m,265
1370,maiores,Nylon,m,155
1371,at,Mezcla,m,851
1372,dolorem,Mezcla,m,243
1373,laborum,Nylon,unidad,286
1374,quam,Poliéster,m,497
1375,quisquam,Poliéster,kg,626
1376,alias,Algodón,m,729
1377,optio,Algodón,kg,577
1378,praesentium,Poliéster,m,667
1379,fugit,Nylon,kg,278
1380,quos,Poliéster,m,292
1381,dolorem,Mezcla,m,421
1382,nam,Algodón,m,964
1383,inventore,Poliéster,kg,794
1384,aliquid,Poliéster,kg,261
1385,saepe,Algodón,kg,661
1386,mollitia,Poliéster,m,231
1387,enim,Nylon,unidad,459
1388,excepturi,Nylon,kg,202
1389,qui,Algodón,m,131
1390,sapiente,Mezcla,unidad,573
1391,iure,Mezcla,m,282
1392,libero,Algodón,m,834
1393,sequi,Nylon,m,971
1394,ratione,Nylon,m,977
1395,ipsum,Mezcla,m,360
1396,ipsum,Mezcla,unidad,372
1397,consequuntur,Poliéster,kg,107
1398,reprehenderit,Mezcla,unidad,674
1399,optio,Mezcla,kg,451
1400,molestias,Algodón,unidad,336
1401,in,Nylon,kg,572
1402,libero,Mezcla,unidad,51
1403,dolor,Mezcla,unidad,757
1404,cum,Algodón,unidad,580
1405,magni,Mezcla,kg,574
1406,repudiandae,Poliéster,unidad,131
1407,omnis,Nylon,kg,840
1408,delectus,Algodón,kg,939
1409,veritatis,Algodón,m,354
1410,voluptatibus,Algodón,kg,722
1411,consequatur,Nylon,m,85
1412,nulla,Poliéster,unidad,354
1413,sed,Poliéster,m,677
1414,velit,Mezcla,kg,807
1415,totam,Nylon,unidad,859
1416,vero,Poliéster,kg,751
1417,magnam,Mezcla,unidad,363
1418,numquam,Poliéster,m,946
1419,voluptates,Nylon,m,623
1420,impedit,Nylon,kg,951
1421,cupiditate,Poliéster,kg,266
1422,nihil,Mezcla,m,477
1423,accusamus,Poliéster,unidad,529
1424,nesciunt,Poliéster,kg,613
1425,perferendis,Nylon,kg,915
1426,totam,Algodón,m,319
1427,aperiam,Algodón,unidad,923
1428,repudiandae,Algodón,m,204
1429,esse,Poliéster,unidad,904
1430,deserunt,Poliéster,m,757
1431,laudantium,Mezcla,m,897
1432,reprehenderit,Mezcla,unidad,213
1433,sunt,Mezcla,kg,719
1434,nam,Algodón,m,505
1435,quisquam,Nylon,unidad,527
1436,expedita,Mezcla,kg,286
1437,voluptatem,Algodón,kg,395
1438,dolorum,Nylon,unidad,735
1439,ad,Algodón,m,435
1440,nesciunt,Poliéster,kg,426
1441,necessitatibus,Algodón,m,514
1442,fugit,Mezcla,m,418
1443,odit,Nylon,unidad,905
1444,eaque,Poliéster,unidad,505
1445,et,Nylon,kg,128
1446,dolores,Poliéster,unidad,88
1447,ipsa,Nylon,kg,998
1448,libero,Poliéster,unidad,627
1449,nihil,Algodón,unidad,733
1450,veritatis,Poliéster,kg,198
1451,inventore,Poliéster,kg,199
1452,dolorum,Algodón,kg,292
1453,harum,Algodón,m,736
1454,recusandae,Mezcla,kg,339
1455,modi,Nylon,unidad,88
1456,illum,Nylon,m,728
1457,sequi,Mezcla,unidad,496
1458,modi,Poliéster,unidad,735
1459,sequi,Nylon,m,430
1460,quibusdam,Mezcla,m,643
1461,atque,Algodón,unidad,364
1462,incidunt,Mezcla,m,391
1463,dolor,Mezcla,m,685
1464,autem,Algodón,m,345
1465,saepe,Nylon,m,776
1466,corrupti,Poliéster,kg,613
1467,nihil,Mezcla,unidad,180
1468,pariatur,Algodón,m,215
1469,suscipit,Algodón,kg,707
1470,impedit,Nylon,kg,58
1471,non,Mezcla,kg,425
1472,quod,Algodón,unidad,716
1473,corporis,Mezcla,unidad,244
1474,ab,Mezcla,m,719
1475,reiciendis,Nylon,unidad,359
1476,atque,Algodón,kg,110
1477,beatae,Algodón,m,969
1478,incidunt,Algodón,m,396
1479,maxime,Poliéster,unidad,757
1480,quidem,Nylon,kg,291
1481,voluptas,Poliéster,unidad,627
1482,sapiente,Poliéster,m,246
1483,exercitationem,Mezcla,unidad,571
1484,fugiat,Nylon,m,131
1485,porro,Poliéster,kg,287
1486,expedita,Mezcla,kg,104
1487,soluta,Algodón,m,814
1488,occaecati,Poliéster,kg,158
1489,aspernatur,Poliéster,unidad,310
1490,magnam,Mezcla,unidad,938
1491,quae,Nylon,unidad,135
1492,minus,Nylon,m,276
1493,eos,Algodón,unidad,770
1494,aperiam,Poliéster,kg,769
1495,odit,Nylon,unidad,541
1496,blanditiis,Mezcla,kg,254
1497,dignissimos,Poliéster,m,949
1498,accusamus,Poliéster,m,993
1499,vel,Mezcla,unidad,310
1500,nesciunt,Nylon,kg,242
